URL,Scraped_At
https://www.watsons.co.th/th/%E0%B8%A5%E0%B8%AD%E0%B8%A3%E0%B8%B5%E0%B8%AD%E0%B8%B1%E0%B8%A5-%E0%B8%9B%E0%B8%B2%E0%B8%A3%E0%B8%B5%E0%B8%AA-%E0%B9%80%E0%B8%AD%E0%B8%A5%E0%B9%81%E0%B8%8B%E0%B8%9F-%E0%B9%80%E0%B8%AD%E0%B9%87%E0%B8%81%E0%B8%8B%E0%B9%8C%E0%B8%95%E0%B8%A3%E0%B8%AD%E0%B8%A7%E0%B9%8C%E0%B8%94%E0%B8%B4%E0%B8%99%E0%B8%B2%E0%B8%A3%E0%B8%B5%E0%B9%88%E0%B8%AD%E0%B8%AD%E0%B8%A2%E0%B8%A5%E0%B9%8C%E0%B9%80%E0%B8%8B%E0%B8%A3%E0%B8%B1%E0%B9%88%E0%B8%A1%E0%B8%A7%E0%B8%B4%E0%B8%97-6-%E0%B8%9E%E0%B8%A3%E0%B8%B5%E0%B9%80%E0%B8%8A%E0%B8%B5%E0%B8%A2%E0%B8%AA-%E0%B8%9F%E0%B8%A5%E0%B8%AD%E0%B8%A3%E0%B8%B1%E0%B8%A5-%E0%B8%AD%E0%B8%AD%E0%B8%A2%E0%B8%A5%E0%B9%8C-100-%E0%B8%A1%E0%B8%A5./p/BP_250783
https://www.watsons.co.th/th/%E0%B9%80%E0%B8%8B%E0%B8%A3%E0%B8%B1%E0%B9%88%E0%B8%A1%E0%B8%9C%E0%B8%B4%E0%B8%A7%E0%B9%81%E0%B8%9E%E0%B9%89%E0%B8%87%E0%B9%88%E0%B8%B2%E0%B8%A2-%E0%B8%A1%E0%B8%B2%E0%B8%94%E0%B8%B2%E0%B8%81%E0%B8%B1%E0%B8%AA%E0%B8%81%E0%B8%B2%E0%B8%A3%E0%B9%8C-madagascar-centella-ampoule-%E0%B9%80%E0%B8%8B%E0%B8%99%E0%B9%80%E0%B8%97%E0%B8%A5%E0%B8%A5%E0%B9%88%E0%B8%B2-%E0%B9%81%E0%B8%AD%E0%B8%A1%E0%B8%9E%E0%B8%A5%E0%B8%B9-55-%E0%B8%A1%E0%B8%A5./p/BP_293431
https://www.watsons.co.th/th/%E0%B8%A2%E0%B8%B9%E0%B9%80%E0%B8%8B%E0%B8%AD%E0%B8%A3%E0%B8%B4%E0%B8%99-%E0%B8%AA%E0%B8%9B%E0%B8%AD%E0%B8%95%E0%B9%80%E0%B8%A5%E0%B8%AA-%E0%B9%84%E0%B8%9A%E0%B8%A3%E0%B8%97%E0%B9%8C%E0%B9%80%E0%B8%97%E0%B8%99%E0%B8%99%E0%B8%B4%E0%B9%88%E0%B8%87-%E0%B8%AA%E0%B8%81%E0%B8%B4%E0%B8%99-%E0%B9%82%E0%B8%97%E0%B8%99-%E0%B9%80%E0%B8%9E%E0%B8%AD%E0%B8%A3%E0%B9%8C%E0%B9%80%E0%B8%9F%E0%B8%84%E0%B8%95%E0%B8%B4%E0%B9%89%E0%B8%87-%E0%B8%9A%E0%B8%AD%E0%B8%94%E0%B8%B5%E0%B9%89-%E0%B9%82%E0%B8%A5%E0%B8%8A%E0%B8%B1%E0%B9%88%E0%B8%99-250-%E0%B8%A1%E0%B8%A5./p/BP_309319
https://www.watsons.co.th/th/g-lucky-fit-%E0%B8%88%E0%B8%B5-%E0%B8%A5%E0%B8%B1%E0%B8%84%E0%B8%81%E0%B8%B5%E0%B9%89-%E0%B8%9F%E0%B8%B4%E0%B8%95-%E0%B8%AB%E0%B8%99%E0%B9%89%E0%B8%B2%E0%B8%81%E0%B8%B2%E0%B8%81%E0%B8%AD%E0%B8%99%E0%B8%B2%E0%B8%A1%E0%B8%B1%E0%B8%A2-3-%E0%B8%A1%E0%B8%B4%E0%B8%95%E0%B8%B4-%E0%B8%AA%E0%B8%B5%E0%B8%82%E0%B8%B2%E0%B8%A7-30-%E0%B8%8A%E0%B8%B4%E0%B9%89%E0%B8%99/p/BP_306131
https://www.watsons.co.th/th/%E0%B9%81%E0%B8%9A%E0%B8%A5%E0%B8%84%E0%B8%A1%E0%B8%AD%E0%B8%A3%E0%B9%8C%E0%B8%AA-%E0%B9%84%E0%B8%9A%E0%B9%82%E0%B8%AD-%E0%B8%8B%E0%B8%B5-1000-%E0%B8%A1%E0%B8%81.-%E0%B9%80%E0%B8%94%E0%B8%A5%E0%B8%B5-%E0%B9%84%E0%B8%AD%E0%B8%A1%E0%B8%B9-60-%E0%B9%80%E0%B8%A1%E0%B9%87%E0%B8%94/p/BP_313664
https://www.watsons.co.th/th/swisse-grape-seed-%E0%B8%AA%E0%B8%A7%E0%B8%B4%E0%B8%AA%E0%B9%80%E0%B8%8B-%E0%B9%80%E0%B8%81%E0%B8%A3%E0%B8%9B%E0%B8%8B%E0%B8%B5%E0%B8%94-60-%E0%B9%80%E0%B8%A1%E0%B9%87%E0%B8%94-%E0%B8%9C%E0%B8%A5%E0%B8%B4%E0%B8%95%E0%B8%A0%E0%B8%B1%E0%B8%93%E0%B8%91%E0%B9%8C%E0%B9%80%E0%B8%AA%E0%B8%A3%E0%B8%B4%E0%B8%A1%E0%B8%AD%E0%B8%B2%E0%B8%AB%E0%B8%B2%E0%B8%A3%E0%B8%88%E0%B8%B2%E0%B8%81%E0%B8%AA%E0%B8%B2%E0%B8%A3%E0%B8%AA%E0%B8%81%E0%B8%B1%E0%B8%94%E0%B9%80%E0%B8%A1%E0%B8%A5%E0%B9%87%E0%B8%94%E0%B8%AD%E0%B8%87%E0%B8%B8%E0%B9%88%E0%B8%99/p/BP_305798
https://www.watsons.co.th/th/%E0%B9%80%E0%B8%A1%E0%B8%A2%E0%B9%8C%E0%B9%80%E0%B8%9A%E0%B8%A5%E0%B8%A5%E0%B8%B5%E0%B8%99-%E0%B8%AD%E0%B8%B2%E0%B8%A2%E0%B8%A5%E0%B8%B4%E0%B8%9B-%E0%B8%A3%E0%B8%B5%E0%B8%A1%E0%B8%B9%E0%B8%9F%E0%B9%80%E0%B8%A7%E0%B8%AD%E0%B8%A3%E0%B9%8C-150-%E0%B8%A1%E0%B8%A5./p/BP_255543
https://www.watsons.co.th/th/%E0%B8%A5%E0%B8%B2-%E0%B9%82%E0%B8%A3%E0%B8%8A-%E0%B9%82%E0%B8%9E%E0%B9%80%E0%B8%8B%E0%B8%A2%E0%B9%8C-%E0%B9%81%E0%B8%AD%E0%B8%99%E0%B9%80%E0%B8%97%E0%B8%A5%E0%B8%B4%E0%B9%82%E0%B8%AD%E0%B8%AA-%E0%B8%A2%E0%B8%B9%E0%B8%A7%E0%B8%B5%E0%B8%A1%E0%B8%B9%E0%B8%99400-%E0%B9%81%E0%B8%AD%E0%B8%99%E0%B9%84%E0%B8%97-%E0%B8%94%E0%B8%B2%E0%B8%A3%E0%B9%8C%E0%B8%81-%E0%B8%AA%E0%B8%9B%E0%B8%AD%E0%B8%95-%E0%B8%9F%E0%B8%A5%E0%B8%B9%E0%B8%AD%E0%B8%B4%E0%B8%94-spf50-50%E0%B8%A1%E0%B8%A5./p/BP_317508
https://www.watsons.co.th/th/%E0%B9%80%E0%B8%84%E0%B8%97%E0%B8%B5%E0%B9%88%E0%B8%94%E0%B8%AD%E0%B8%A5%E0%B8%A5%E0%B9%8C-%E0%B8%99%E0%B8%AD%E0%B8%95-%E0%B8%97%E0%B8%B9-%E0%B9%81%E0%B8%A1%E0%B8%97%E0%B8%97%E0%B9%8C-%E0%B8%A5%E0%B8%B4%E0%B8%9B-2.9%E0%B8%81.-01-%E0%B8%9E%E0%B8%B5%E0%B8%84-%E0%B8%AD%E0%B8%B0-%E0%B8%9A%E0%B8%B9/p/BP_315796
https://www.watsons.co.th/th/%E0%B8%A8%E0%B8%A8%E0%B8%B4-%E0%B8%84%E0%B8%B4%E0%B8%AA-%E0%B9%81%E0%B8%AD%E0%B8%99%E0%B8%94%E0%B9%8C-%E0%B8%9A%E0%B8%A5%E0%B8%B1%E0%B8%8A-%E0%B8%AA%E0%B8%95%E0%B8%B4%E0%B9%8A%E0%B8%81-4%E0%B8%81.-03-%E0%B9%80%E0%B8%9F%E0%B8%B4%E0%B8%A3%E0%B9%8C%E0%B8%AA%E0%B8%97-%E0%B8%84%E0%B8%B4%E0%B8%AA/p/BP_300027
https://www.watsons.co.th/th/%E0%B8%97%E0%B8%A3%E0%B8%B5%E0%B8%8B%E0%B8%B5%E0%B8%AD%E0%B8%B5-%E0%B9%80%E0%B8%A5%E0%B9%80%E0%B8%A2%E0%B8%AD%E0%B8%A3%E0%B9%8C-%E0%B8%AD%E0%B8%B2%E0%B8%A2-7.5%E0%B8%81.-%E0%B9%82%E0%B8%A1%E0%B8%9F%E0%B8%A7%E0%B9%8C-%E0%B8%8A%E0%B8%B4%E0%B8%84/p/BP_318665
https://www.watsons.co.th/th/cerave-moisturizing-lotion-%E0%B9%80%E0%B8%8B%E0%B8%A3%E0%B8%B2%E0%B8%A7%E0%B8%B5-%E0%B8%A1%E0%B8%AD%E0%B8%A2%E0%B8%8B%E0%B9%8C%E0%B9%80%E0%B8%88%E0%B8%AD%E0%B8%A3%E0%B9%8C%E0%B9%84%E0%B8%A3%E0%B8%8B%E0%B8%B4%E0%B9%88%E0%B8%87-%E0%B9%82%E0%B8%A5%E0%B8%8A%E0%B8%B1%E0%B9%88%E0%B8%99-88-%E0%B8%A1%E0%B8%A5./p/BP_275378
https://www.watsons.co.th/th/%E0%B8%8B%E0%B8%B5%E0%B8%A7%E0%B8%B4%E0%B8%95%E0%B9%89%E0%B8%B2-%E0%B9%81%E0%B8%AD%E0%B8%84%E0%B8%97%E0%B8%B5%E0%B8%9F70x-%E0%B8%84%E0%B8%AD%E0%B8%A5%E0%B8%A5%E0%B8%B2%E0%B9%80%E0%B8%88%E0%B8%99-%E0%B8%9E%E0%B8%A5%E0%B8%B1%E0%B8%AA-%E0%B8%9E%E0%B8%A3%E0%B8%B5%E0%B9%82%E0%B8%9A-%E0%B9%81%E0%B8%AD%E0%B8%99%E0%B8%94%E0%B9%8C-%E0%B8%8B%E0%B8%B4%E0%B8%87%E0%B8%84%E0%B9%8C-30-%E0%B8%8B%E0%B8%AD%E0%B8%87-%E0%B8%9E%E0%B8%A3%E0%B8%B5%E0%B9%84%E0%B8%9A%E0%B9%82%E0%B8%AD%E0%B8%95%E0%B8%B4%E0%B8%81%E0%B9%81%E0%B8%A5%E0%B8%B0%E0%B8%8B%E0%B8%B4%E0%B8%87%E0%B8%84%E0%B9%8C/p/BP_300202
https://www.watsons.co.th/th/%E0%B8%A7%E0%B8%B2%E0%B8%AA%E0%B8%A5%E0%B8%B5%E0%B8%99-%E0%B9%80%E0%B8%AE%E0%B8%A5%E0%B8%98%E0%B8%B5%E0%B9%89-%E0%B9%84%E0%B8%9A%E0%B8%A3%E0%B8%97%E0%B9%8C-%E0%B8%A2%E0%B8%B9%E0%B8%A7%E0%B8%B5-%E0%B9%80%E0%B8%AD%E0%B9%87%E0%B8%81%E0%B8%8B%E0%B9%8C%E0%B8%95%E0%B8%A3%E0%B9%89%E0%B8%B2-%E0%B9%84%E0%B8%9A%E0%B8%A3%E0%B8%97%E0%B9%8C%E0%B9%80%E0%B8%97%E0%B8%99%E0%B8%99%E0%B8%B4%E0%B9%88%E0%B8%87-%E0%B8%81%E0%B8%A5%E0%B8%B9%E0%B8%95%E0%B9%89%E0%B8%B2-%E0%B9%80%E0%B8%8B%E0%B8%A3%E0%B8%B2%E0%B9%84%E0%B8%A1%E0%B8%94%E0%B9%8C-480-%E0%B8%A1%E0%B8%A5./p/BP_203793
https://www.watsons.co.th/th/%E0%B8%AD%E0%B8%B4%E0%B8%99%E0%B8%97%E0%B8%B9%E0%B8%AD%E0%B8%B4%E0%B8%97-%E0%B9%84%E0%B8%9E%E0%B8%A3%E0%B9%8C%E0%B9%80%E0%B8%A1%E0%B8%AD%E0%B8%A3%E0%B9%8C-%E0%B8%9E%E0%B8%A5%E0%B8%B1%E0%B8%AA-%E0%B8%9E%E0%B8%A5%E0%B8%B1%E0%B8%AA-15-%E0%B8%81%E0%B8%A3%E0%B8%B1%E0%B8%A1-primer-%E0%B9%80%E0%B8%99%E0%B8%B7%E0%B9%89%E0%B8%AD%E0%B8%81%E0%B8%B3%E0%B8%A1%E0%B8%B0%E0%B8%AB%E0%B8%A2%E0%B8%B5%E0%B9%88-%E0%B8%AA%E0%B8%B9%E0%B8%95%E0%B8%A3%E0%B8%81%E0%B8%B1%E0%B8%99%E0%B8%99%E0%B9%89%E0%B8%B3/p/BP_297908
https://www.watsons.co.th/th/%E0%B9%82%E0%B8%A3%E0%B8%88%E0%B8%B9%E0%B8%84%E0%B8%B4%E0%B8%AA-%E0%B9%84%E0%B8%AE%E0%B9%82%E0%B8%94%E0%B8%A3%E0%B9%80%E0%B8%88%E0%B8%A5-%E0%B8%A1%E0%B8%B2%E0%B8%AA%E0%B9%8C%E0%B8%81-%E0%B9%84%E0%B8%9F%E0%B9%82%E0%B8%95-%E0%B9%80%E0%B8%A3%E0%B8%95%E0%B8%B4%E0%B8%99%E0%B8%AD%E0%B8%A5-1-%E0%B9%81%E0%B8%9C%E0%B9%88%E0%B8%99/p/BP_315783
https://www.watsons.co.th/th/%E0%B8%AD%E0%B9%80%E0%B8%99%E0%B8%AA%E0%B8%8B%E0%B9%88%E0%B8%B2-%E0%B9%80%E0%B8%9E%E0%B8%AD%E0%B8%A3%E0%B9%8C%E0%B9%80%E0%B8%9F%E0%B8%84-%E0%B8%A2%E0%B8%B9%E0%B8%A7%E0%B8%B5-%E0%B8%8B%E0%B8%B1%E0%B8%99%E0%B8%AA%E0%B8%81%E0%B8%A3%E0%B8%B5%E0%B8%99-%E0%B8%AA%E0%B8%81%E0%B8%B4%E0%B8%99%E0%B9%81%E0%B8%84%E0%B8%A3%E0%B9%8C-%E0%B8%A1%E0%B8%B4%E0%B8%A5%E0%B8%84%E0%B9%8C-%E0%B9%80%E0%B8%AD%E0%B9%87%E0%B8%99%E0%B9%80%E0%B8%AD-%E0%B9%80%E0%B8%AD%E0%B8%AA%E0%B8%9E%E0%B8%B5%E0%B9%80%E0%B8%AD%E0%B8%9F-50-%E0%B8%9E%E0%B8%B5%E0%B9%80%E0%B8%AD-20-%E0%B8%A1%E0%B8%A5./p/BP_309586
https://www.watsons.co.th/th/%E0%B8%A5%E0%B8%B2-%E0%B9%82%E0%B8%A3%E0%B8%8A-%E0%B9%82%E0%B8%9E%E0%B9%80%E0%B8%8B%E0%B8%A2%E0%B9%8C-%E0%B9%80%E0%B8%A1%E0%B8%A5%E0%B8%B2-%E0%B8%9A%E0%B8%B53-%E0%B9%80%E0%B8%8B%E0%B8%A3%E0%B8%B1%E0%B9%88%E0%B8%A1-30-%E0%B8%A1%E0%B8%A5./p/BP_310787
https://www.watsons.co.th/th/%E0%B8%99%E0%B9%89%E0%B8%B3%E0%B8%A2%E0%B8%B2%E0%B8%A5%E0%B9%89%E0%B8%B2%E0%B8%87%E0%B8%84%E0%B8%AD%E0%B8%99%E0%B9%81%E0%B8%97%E0%B8%84%E0%B9%80%E0%B8%A5%E0%B8%99%E0%B8%AA%E0%B9%8C-renu-fresh-%E0%B8%A3%E0%B8%B5%E0%B8%99%E0%B8%B4%E0%B8%A7-%E0%B9%80%E0%B8%9F%E0%B8%A3%E0%B8%8A-355-%E0%B8%A1%E0%B8%A5./p/BP_253421
https://www.watsons.co.th/th/g-lucky-fit-%E0%B8%88%E0%B8%B5-%E0%B8%A5%E0%B8%B1%E0%B8%84%E0%B8%81%E0%B8%B5%E0%B9%89-%E0%B8%9F%E0%B8%B4%E0%B8%95%E0%B8%AB%E0%B8%99%E0%B9%89%E0%B8%B2%E0%B8%81%E0%B8%B2%E0%B8%81%E0%B8%AD%E0%B8%99%E0%B8%B2%E0%B8%A1%E0%B8%B1%E0%B8%A2-3-%E0%B8%A1%E0%B8%B4%E0%B8%95%E0%B8%B4-%E0%B8%AA%E0%B8%B5%E0%B8%82%E0%B8%B2%E0%B8%A7-5-%E0%B8%8A%E0%B8%B4%E0%B9%89%E0%B8%99/p/BP_302958
https://www.watsons.co.th/th/%E0%B8%A8%E0%B8%A3%E0%B8%B5%E0%B8%88%E0%B8%B1%E0%B8%99%E0%B8%97%E0%B8%A3%E0%B9%8C-%E0%B9%81%E0%B8%9A%E0%B8%A3%E0%B9%8C-%E0%B8%97%E0%B8%B9-%E0%B9%80%E0%B8%9E%E0%B8%AD%E0%B8%A3%E0%B9%8C%E0%B9%80%E0%B8%9F%E0%B8%84%E0%B8%97%E0%B9%8C-%E0%B8%84%E0%B8%AD%E0%B8%A3%E0%B9%8C%E0%B9%80%E0%B8%A3%E0%B8%84%E0%B8%95%E0%B8%B4%E0%B9%89%E0%B8%87-%E0%B8%84%E0%B8%AD%E0%B8%A1%E0%B9%81%E0%B8%9E%E0%B8%84-%E0%B8%9E%E0%B8%B2%E0%B8%A7%E0%B9%80%E0%B8%94%E0%B8%AD%E0%B8%A3%E0%B9%8C-7%E0%B8%81.-01-%E0%B8%8B%E0%B8%AD%E0%B8%9F%E0%B8%97%E0%B9%8C-%E0%B8%9E%E0%B8%B4%E0%B8%87%E0%B8%84%E0%B9%8C/p/BP_319345
https://www.watsons.co.th/th/g-lucky-3d-%E0%B8%88%E0%B8%B5-%E0%B8%A5%E0%B8%B1%E0%B8%84%E0%B8%81%E0%B8%B5%E0%B9%89-%E0%B8%AB%E0%B8%99%E0%B9%89%E0%B8%B2%E0%B8%81%E0%B8%B2%E0%B8%81%E0%B8%AD%E0%B8%99%E0%B8%B2%E0%B8%A1%E0%B8%B1%E0%B8%A2-3%E0%B8%A1%E0%B8%B4%E0%B8%95%E0%B8%B4-%E0%B8%AA%E0%B8%B5%E0%B8%82%E0%B8%B2%E0%B8%A7-40-%E0%B8%8A%E0%B8%B4%E0%B9%89%E0%B8%99-%E0%B8%81%E0%B8%A5%E0%B9%88%E0%B8%AD%E0%B8%87/p/BP_300274
https://www.watsons.co.th/th/%E0%B9%80%E0%B8%A1%E0%B8%A2%E0%B9%8C%E0%B9%80%E0%B8%9A%E0%B8%A5%E0%B8%A5%E0%B8%B5%E0%B8%99-%E0%B8%8B%E0%B8%B8%E0%B8%9B%E0%B9%80%E0%B8%9B%E0%B8%AD%E0%B8%A3%E0%B9%8C%E0%B8%AA%E0%B9%80%E0%B8%95%E0%B8%A2%E0%B9%8C-%E0%B9%81%E0%B8%A1%E0%B8%97-%E0%B8%AD%E0%B8%B4%E0%B9%89%E0%B8%87%E0%B8%84%E0%B9%8C-%E0%B8%A1%E0%B8%B4%E0%B8%A7%E0%B8%AA%E0%B8%B4%E0%B8%84-%E0%B8%A5%E0%B8%B4%E0%B8%9B-5%E0%B8%A1%E0%B8%A5.-15-lover/p/BP_308552
https://www.watsons.co.th/th/%E0%B8%AA%E0%B8%81%E0%B8%B4%E0%B8%99%E0%B8%97%E0%B8%B4%E0%B8%9F%E0%B8%B4%E0%B8%84-5x-%E0%B9%80%E0%B8%8B%E0%B8%A3%E0%B8%B2%E0%B9%84%E0%B8%A1%E0%B8%94%E0%B9%8C-%E0%B8%9A%E0%B8%B2%E0%B9%80%E0%B8%A3%E0%B8%B5%E0%B8%A2%E0%B8%A3%E0%B9%8C-%E0%B8%A3%E0%B8%B5%E0%B9%81%E0%B8%9E%E0%B8%A3%E0%B9%8C-%E0%B8%A1%E0%B8%AD%E0%B8%A2%E0%B9%80%E0%B8%88%E0%B8%AD%E0%B8%A3%E0%B9%8C%E0%B9%84%E0%B8%A3%E0%B9%80%E0%B8%8B%E0%B8%AD%E0%B8%A3%E0%B9%8C-%E0%B9%80%E0%B8%88%E0%B8%A5-30-%E0%B8%81%E0%B8%A3%E0%B8%B1%E0%B8%A1/p/BP_307621
https://www.watsons.co.th/th/%E0%B8%A5%E0%B8%AD%E0%B8%A3%E0%B8%B5%E0%B8%AD%E0%B8%B1%E0%B8%A5-%E0%B8%9B%E0%B8%B2%E0%B8%A3%E0%B8%B5%E0%B8%AA-%E0%B8%AD%E0%B8%B4%E0%B8%99%E0%B8%9F%E0%B8%AD%E0%B8%A5%E0%B8%A5%E0%B8%B4%E0%B9%80%E0%B8%9A%E0%B8%B4%E0%B8%A5-%E0%B9%82%E0%B8%9B%E0%B8%A3-%E0%B8%84%E0%B8%B1%E0%B8%9F%E0%B9%80%E0%B8%A7%E0%B8%AD%E0%B8%A3%E0%B9%8C-%E0%B8%84%E0%B8%B8%E0%B8%8A%E0%B8%8A%E0%B8%B1%E0%B9%88%E0%B8%99-14%E0%B8%81.-120/p/BP_315891
https://www.watsons.co.th/th/%E0%B8%A1%E0%B8%B4%E0%B8%A5%E0%B9%80%E0%B8%A5%E0%B9%88-%E0%B8%AA%E0%B9%80%E0%B8%99%E0%B8%A5-%E0%B9%84%E0%B8%9A%E0%B8%A3%E0%B9%8C%E0%B8%97-%E0%B9%84%E0%B8%9E%E0%B8%A3%E0%B9%80%E0%B8%A1%E0%B8%AD%E0%B8%A3%E0%B9%8C-spf15-pa-8%E0%B8%81./p/BP_305313
https://www.watsons.co.th/th/%E0%B8%AD%E0%B8%B4%E0%B8%99%E0%B8%97%E0%B8%B9%E0%B8%AD%E0%B8%B4%E0%B8%97-%E0%B9%84%E0%B8%9E%E0%B8%A3%E0%B9%80%E0%B8%A1%E0%B8%AD%E0%B8%A3%E0%B9%8C-%E0%B9%82%E0%B8%81%E0%B8%A5%E0%B8%A7%E0%B9%8C-spf25-pa-%E0%B9%80%E0%B8%9A%E0%B8%A5%E0%B8%AD%E0%B8%A3%E0%B8%B4%E0%B8%87-%E0%B9%80%E0%B8%A3%E0%B9%80%E0%B8%94%E0%B8%B5%E0%B8%A2%E0%B8%99%E0%B8%97%E0%B9%8C-%E0%B9%82%E0%B8%81%E0%B8%A5%E0%B8%A7%E0%B9%8C-%E0%B9%80%E0%B8%AD%E0%B8%AD%E0%B8%A3%E0%B9%8C%E0%B9%80%E0%B8%9A%E0%B8%B4%E0%B8%99-%E0%B8%8A%E0%B8%B4%E0%B8%A5%E0%B8%94%E0%B9%8C-15%E0%B8%81./p/BP_315342
https://www.watsons.co.th/th/bifesta-%E0%B8%9A%E0%B8%B5%E0%B9%80%E0%B8%9F%E0%B8%AA%E0%B8%95%E0%B9%89%E0%B8%B2-%E0%B9%84%E0%B8%A1%E0%B9%80%E0%B8%8B%E0%B8%A5%E0%B8%A5%E0%B9%88%E0%B8%B2-%E0%B8%84%E0%B8%A5%E0%B8%B5%E0%B8%99%E0%B8%8B%E0%B8%B4%E0%B9%88%E0%B8%87-%E0%B8%A7%E0%B8%AD%E0%B9%80%E0%B8%97%E0%B8%AD%E0%B8%A3%E0%B9%8C-%E0%B9%81%E0%B8%AD%E0%B8%84%E0%B9%80%E0%B8%99%E0%B9%88-%E0%B8%8A%E0%B8%99%E0%B8%B4%E0%B8%94%E0%B9%80%E0%B8%95%E0%B8%B4%E0%B8%A1-360-%E0%B8%A1%E0%B8%A5./p/BP_263962
https://www.watsons.co.th/th/%E0%B9%80%E0%B8%AE%E0%B8%AD-%E0%B9%84%E0%B8%AE%E0%B9%80%E0%B8%99%E0%B8%AA-%E0%B8%A2%E0%B8%B9%E0%B8%A7%E0%B8%B5-%E0%B8%AD%E0%B8%B0%E0%B9%81%E0%B8%94%E0%B8%9B%E0%B8%97%E0%B9%8C-%E0%B9%84%E0%B8%AE%E0%B8%A2%E0%B8%B2-%E0%B8%A7%E0%B8%AD%E0%B9%80%E0%B8%95%E0%B8%AD%E0%B8%A3%E0%B9%8C-%E0%B8%8B%E0%B8%B1%E0%B8%99%E0%B8%AA%E0%B8%81%E0%B8%A3%E0%B8%B5%E0%B8%99-spf50-pa-30-%E0%B8%A1%E0%B8%A5./p/BP_317001
https://www.watsons.co.th/th/%E0%B8%84%E0%B8%A5%E0%B8%B5%E0%B8%99%E0%B8%8B%E0%B8%B4%E0%B9%88%E0%B8%87-mizumi-smooth-cleansing-water-%E0%B8%A1%E0%B8%B4%E0%B8%8B%E0%B8%B6%E0%B8%A1%E0%B8%B4-%E0%B8%AA%E0%B8%A1%E0%B8%B9%E0%B8%98-%E0%B8%84%E0%B8%A5%E0%B8%B5%E0%B8%99%E0%B8%8B%E0%B8%B4%E0%B9%88%E0%B8%87-%E0%B8%A7%E0%B8%AD%E0%B9%80%E0%B8%95%E0%B8%AD%E0%B8%A3%E0%B9%8C-500-%E0%B8%A1%E0%B8%A5./p/BP_265963
https://www.watsons.co.th/th/%E0%B8%A1%E0%B8%B4%E0%B8%8B%E0%B8%B6%E0%B8%A1%E0%B8%B4-%E0%B8%9A%E0%B8%B5%E0%B8%97%E0%B8%A3%E0%B8%B5-%E0%B9%80%E0%B8%AD%E0%B9%80%E0%B8%AD%E0%B8%8A%E0%B9%80%E0%B8%AD-%E0%B9%84%E0%B8%A7%E0%B8%97%E0%B9%8C-%E0%B8%9A%E0%B8%AD%E0%B8%94%E0%B8%B5%E0%B9%89-%E0%B8%9A%E0%B8%B9%E0%B8%AA%E0%B9%80%E0%B8%95%E0%B8%AD%E0%B8%A3%E0%B9%8C-250-%E0%B8%A1%E0%B8%A5.-%E0%B8%9C%E0%B8%A5%E0%B8%B4%E0%B8%95%E0%B8%A0%E0%B8%B1%E0%B8%93%E0%B8%91%E0%B9%8C%E0%B8%9A%E0%B8%B3%E0%B8%A3%E0%B8%B8%E0%B8%87%E0%B8%9C%E0%B8%B4%E0%B8%A7%E0%B8%81%E0%B8%B2%E0%B8%A2/p/BP_302305
https://www.watsons.co.th/th/%E0%B9%84%E0%B8%AD%E0%B8%A3%E0%B8%B4%E0%B8%AA-%E0%B9%82%E0%B8%AD%E0%B8%A2%E0%B8%B2%E0%B8%A1%E0%B8%B0-%E0%B8%9C%E0%B9%89%E0%B8%B2%E0%B9%80%E0%B8%8A%E0%B9%87%E0%B8%94%E0%B8%97%E0%B8%B3%E0%B8%84%E0%B8%A7%E0%B8%B2%E0%B8%A1%E0%B8%AA%E0%B8%B0%E0%B8%AD%E0%B8%B2%E0%B8%94%E0%B9%81%E0%B8%9A%E0%B8%9A%E0%B9%80%E0%B8%9B%E0%B8%B5%E0%B8%A2%E0%B8%81-%E0%B8%AA%E0%B8%B9%E0%B8%95%E0%B8%A3%E0%B8%AD%E0%B9%88%E0%B8%AD%E0%B8%99%E0%B9%82%E0%B8%A2%E0%B8%99-20-%E0%B9%81%E0%B8%9C%E0%B9%88%E0%B8%99/p/BP_305652
https://www.watsons.co.th/th/%E0%B9%81%E0%B8%9E%E0%B8%A5%E0%B8%99%E0%B9%80%E0%B8%95%E0%B9%89-%E0%B9%82%E0%B8%9B%E0%B8%A3%E0%B8%95%E0%B8%B5%E0%B8%99%E0%B8%9E%E0%B8%B7%E0%B8%8A-%E0%B8%A3%E0%B8%AA%E0%B8%8A%E0%B8%B2%E0%B9%84%E0%B8%97%E0%B8%A2-400-%E0%B8%81%E0%B8%A3%E0%B8%B1%E0%B8%A1/p/BP_318510
https://www.watsons.co.th/th/%E0%B8%A2%E0%B8%B9%E0%B9%80%E0%B8%8B%E0%B8%AD%E0%B8%A3%E0%B8%B4%E0%B8%99-%E0%B9%82%E0%B8%9B%E0%B8%A3-%E0%B9%81%E0%B8%AD%E0%B8%84%E0%B9%80%E0%B8%99%E0%B9%88-%E0%B9%81%E0%B8%AD%E0%B8%99%E0%B8%95%E0%B8%B4-%E0%B9%81%E0%B8%AD%E0%B8%84%E0%B9%80%E0%B8%99%E0%B9%88-%E0%B8%A1%E0%B8%B2%E0%B8%A3%E0%B9%8C%E0%B8%84-7-%E0%B8%A1%E0%B8%A5.-%E0%B9%80%E0%B8%8B%E0%B8%A3%E0%B8%B1%E0%B9%88%E0%B8%A1%E0%B8%AA%E0%B8%B3%E0%B8%AB%E0%B8%A3%E0%B8%B1%E0%B8%9A%E0%B8%9C%E0%B8%B9%E0%B9%89%E0%B8%A1%E0%B8%B5%E0%B8%A3%E0%B8%AD%E0%B8%A2%E0%B8%AA%E0%B8%B4%E0%B8%A7-%E0%B8%9C%E0%B8%B4%E0%B8%A7%E0%B8%A1%E0%B8%B1%E0%B8%99/p/BP_305787
https://www.watsons.co.th/th/%E0%B8%A7%E0%B8%B4%E0%B8%AA%E0%B8%97%E0%B8%A3%E0%B9%89%E0%B8%B2-%E0%B8%99%E0%B9%89%E0%B8%B3%E0%B8%A1%E0%B8%B1%E0%B8%99%E0%B8%9B%E0%B8%A5%E0%B8%B2%E0%B9%81%E0%B8%8B%E0%B8%A5%E0%B8%A1%E0%B8%AD%E0%B8%99-1000-%E0%B8%A1%E0%B8%81.-30-%E0%B9%80%E0%B8%A1%E0%B9%87%E0%B8%94/p/BP_290048
https://www.watsons.co.th/th/g-lucky-fit-%E0%B8%88%E0%B8%B5-%E0%B8%A5%E0%B8%B1%E0%B8%84%E0%B8%81%E0%B8%B5%E0%B9%89-%E0%B8%9F%E0%B8%B4%E0%B8%95%E0%B8%AB%E0%B8%99%E0%B9%89%E0%B8%B2%E0%B8%81%E0%B8%B2%E0%B8%81%E0%B8%AD%E0%B8%99%E0%B8%B2%E0%B8%A1%E0%B8%B1%E0%B8%A2-3-%E0%B8%A1%E0%B8%B4%E0%B8%95%E0%B8%B4-%E0%B8%AA%E0%B8%B5%E0%B8%94%E0%B8%B3-5-%E0%B8%8A%E0%B8%B4%E0%B9%89%E0%B8%99/p/BP_303190
https://www.watsons.co.th/th/%E0%B9%82%E0%B8%AD%E0%B8%81%E0%B8%B2%E0%B9%82%E0%B8%A1%E0%B9%82%E0%B8%95-%E0%B8%8B%E0%B8%B5%E0%B9%82%E0%B8%A3%E0%B9%88-%E0%B8%8B%E0%B8%B5%E0%B9%82%E0%B8%A3%E0%B9%88-%E0%B8%97%E0%B8%A3%E0%B8%B5-2%E0%B8%8A%E0%B8%B4%E0%B9%89%E0%B8%99/p/BP_247576
https://www.watsons.co.th/th/%E0%B9%81%E0%B8%9B%E0%B9%89%E0%B8%87%E0%B8%9E%E0%B8%B1%E0%B8%9F-%E0%B9%80%E0%B8%A1%E0%B8%A2%E0%B9%8C%E0%B9%80%E0%B8%9A%E0%B8%A5%E0%B8%A5%E0%B8%B5%E0%B8%99-maybelline-%E0%B8%99%E0%B8%B4%E0%B8%A7%E0%B8%A2%E0%B8%AD%E0%B8%A3%E0%B9%8C%E0%B8%81-%E0%B8%9F%E0%B8%B4%E0%B8%95-%E0%B8%A1%E0%B8%B5-%E0%B9%81%E0%B8%A1%E0%B8%97-%E0%B8%9E%E0%B8%AD%E0%B8%A3%E0%B9%8C%E0%B9%80%E0%B8%A5%E0%B8%AA-%E0%B8%9E%E0%B8%B2%E0%B8%A7%E0%B9%80%E0%B8%94%E0%B8%AD%E0%B8%A3%E0%B9%8C-6%E0%B8%81.-118/p/BP_284384
https://www.watsons.co.th/th/%E0%B9%80%E0%B8%A1%E0%B8%81%E0%B9%89%E0%B8%B2-%E0%B8%A7%E0%B8%B5%E0%B9%81%E0%B8%84%E0%B8%A3%E0%B9%8C-%E0%B8%99%E0%B9%89%E0%B8%B3%E0%B8%A1%E0%B8%B1%E0%B8%99%E0%B8%9B%E0%B8%A5%E0%B8%B2-1000-%E0%B8%A1%E0%B8%81.-%E0%B8%82%E0%B8%99%E0%B8%B2%E0%B8%94-30-%E0%B9%81%E0%B8%84%E0%B8%9B%E0%B8%8B%E0%B8%B9%E0%B8%A5/p/BP_261609
URL,Scraped_At
https://www.watsons.co.th/th/%E0%B8%9E%E0%B8%AD%E0%B8%99%E0%B8%94%E0%B9%8C%E0%B8%AA-%E0%B9%80%E0%B8%AD%E0%B8%88-%E0%B8%A1%E0%B8%B4%E0%B8%A3%E0%B8%B2%E0%B9%80%E0%B8%84%E0%B8%B4%E0%B8%A5-%E0%B8%AD%E0%B8%B1%E0%B8%A5%E0%B8%97%E0%B8%B4%E0%B9%80%E0%B8%A1%E0%B8%97-%E0%B8%A2%E0%B8%B9%E0%B8%98-%E0%B9%84%E0%B8%99%E0%B8%97%E0%B9%8C-%E0%B8%84%E0%B8%A3%E0%B8%B5%E0%B8%A1-%E0%B9%80%E0%B8%AE%E0%B9%87%E0%B8%81%E0%B8%8B%E0%B8%B4%E0%B8%A5-%E0%B9%80%E0%B8%A3%E0%B8%95%E0%B8%B4%E0%B8%99%E0%B8%AD%E0%B8%A5-45-%E0%B8%81%E0%B8%A3%E0%B8%B1%E0%B8%A1/p/BP_269627
https://www.watsons.co.th/th/%E0%B8%AD%E0%B8%B2%E0%B8%A7%E0%B8%B5%E0%B9%82%E0%B8%99%E0%B9%88-%E0%B9%80%E0%B8%94%E0%B8%A5%E0%B8%B5%E0%B9%88-%E0%B8%A1%E0%B8%AD%E0%B8%A2%E0%B8%AA%E0%B9%8C%E0%B9%80%E0%B8%88%E0%B8%AD%E0%B8%A3%E0%B9%8C%E0%B9%84%E0%B8%A3%E0%B8%8B%E0%B8%B4%E0%B9%88%E0%B8%87-%E0%B9%82%E0%B8%A5%E0%B8%8A%E0%B8%B1%E0%B9%88%E0%B8%99-71-%E0%B8%81%E0%B8%A3%E0%B8%B1%E0%B8%A1/p/BP_280025
https://www.watsons.co.th/th/%E0%B9%80%E0%B8%AE%E0%B8%A5%E0%B8%B4%E0%B9%82%E0%B8%AD%E0%B9%81%E0%B8%84%E0%B8%A3%E0%B9%8C-%E0%B8%AD%E0%B8%B8%E0%B8%A5%E0%B8%95%E0%B8%A3%E0%B9%89%E0%B8%B2-%E0%B9%80%E0%B8%88%E0%B8%A5-spf50-50-%E0%B8%A1%E0%B8%A5./p/BP_291034
https://www.watsons.co.th/th/%E0%B8%AD%E0%B9%8A%E0%B8%AD%E0%B8%81%E0%B8%8B%E0%B8%B5%E0%B9%80%E0%B8%84%E0%B8%B5%E0%B8%A2%E0%B8%A7-%E0%B8%9A%E0%B8%AD%E0%B8%94%E0%B8%B5%E0%B9%89-%E0%B9%81%E0%B8%AD%E0%B9%87%E0%B8%84%E0%B9%80%E0%B8%99%E0%B9%88-%E0%B8%AA%E0%B9%80%E0%B8%9B%E0%B8%A3%E0%B8%A2%E0%B9%8C-50-%E0%B8%A1%E0%B8%A5./p/BP_158247
https://www.watsons.co.th/th/%E0%B8%AE%E0%B8%B2%E0%B8%94%E0%B8%B0-%E0%B8%A5%E0%B8%B2%E0%B9%82%E0%B8%9A%E0%B8%B0-%E0%B8%9E%E0%B8%A3%E0%B8%B5%E0%B9%80%E0%B8%A1%E0%B8%B5%E0%B9%88%E0%B8%A2%E0%B8%A1-%E0%B9%84%E0%B8%A7%E0%B8%97%E0%B9%8C%E0%B9%80%E0%B8%97%E0%B8%99%E0%B8%99%E0%B8%B4%E0%B9%88%E0%B8%87-%E0%B9%82%E0%B8%A5%E0%B8%8A%E0%B8%B1%E0%B9%88%E0%B8%99-%E0%B9%84%E0%B8%A5%E0%B8%97%E0%B9%8C-170-%E0%B8%A1%E0%B8%A5./p/BP_280498
https://www.watsons.co.th/th/%E0%B8%A1%E0%B8%B4%E0%B8%8B%E0%B8%B6%E0%B8%A1%E0%B8%B4-%E0%B8%A2%E0%B8%B9%E0%B8%A7%E0%B8%B5-%E0%B9%84%E0%B8%9A%E0%B8%A3%E0%B8%97%E0%B9%8C-%E0%B8%9A%E0%B8%AD%E0%B8%94%E0%B8%B5%E0%B9%89-%E0%B9%80%E0%B8%8B%E0%B8%A3%E0%B8%B1%E0%B9%88%E0%B8%A1-spf50-pa-180-%E0%B8%A1%E0%B8%A5.-%E0%B8%84%E0%B8%A3%E0%B8%B5%E0%B8%A1%E0%B8%81%E0%B8%B1%E0%B8%99%E0%B9%81%E0%B8%94%E0%B8%94%E0%B8%97%E0%B8%B2%E0%B8%95%E0%B8%B1%E0%B8%A7/p/BP_298863
https://www.watsons.co.th/th/%E0%B8%AD%E0%B8%B4%E0%B8%99%E0%B8%95%E0%B9%8C-%E0%B8%9A%E0%B8%B4%E0%B8%A7%E0%B8%95%E0%B8%B5%E0%B9%89-%E0%B9%80%E0%B8%9A%E0%B8%9A-%E0%B8%9A%E0%B8%B1%E0%B8%95%E0%B8%95%E0%B9%8C-%E0%B9%80%E0%B8%8B%E0%B8%A3%E0%B8%B1%E0%B9%88%E0%B8%A1-%E0%B8%84%E0%B8%A3%E0%B8%B5%E0%B8%A1-30-%E0%B8%81%E0%B8%A3%E0%B8%B1%E0%B8%A1/p/BP_318346
https://www.watsons.co.th/th/%E0%B8%AE%E0%B8%B2%E0%B8%94%E0%B8%B0-%E0%B8%A5%E0%B8%B2%E0%B9%82%E0%B8%9A%E0%B8%B0-%E0%B9%80%E0%B8%9A%E0%B8%A5%E0%B8%A1%E0%B8%A1%E0%B8%B4%E0%B8%8A-%E0%B9%81%E0%B8%AD%E0%B8%99%E0%B8%94%E0%B9%8C-%E0%B8%AD%E0%B8%AD%E0%B8%A2%E0%B8%A5%E0%B9%8C-%E0%B8%84%E0%B8%AD%E0%B8%99%E0%B9%82%E0%B8%97%E0%B8%A3%E0%B8%A5-%E0%B9%84%E0%B8%AE%E0%B9%80%E0%B8%94%E0%B8%A3%E0%B8%97%E0%B8%95%E0%B8%B4%E0%B9%89%E0%B8%87-%E0%B9%82%E0%B8%A5%E0%B8%8A%E0%B8%B1%E0%B9%88%E0%B8%99-170-%E0%B8%A1%E0%B8%A5./p/BP_271157
https://www.watsons.co.th/th/%E0%B9%81%E0%B8%AD%E0%B8%84%E0%B8%84%E0%B8%A7%E0%B8%B2-%E0%B8%AD%E0%B8%B1%E0%B8%A5%E0%B9%80%E0%B8%A5-%E0%B9%82%E0%B8%A3%E0%B8%AA-%E0%B9%82%E0%B8%97%E0%B8%99%E0%B8%B4%E0%B9%82%E0%B8%84-300-%E0%B8%A1%E0%B8%A5./p/BP_287457
https://www.watsons.co.th/th/%E0%B9%80%E0%B8%94%E0%B8%AD-%E0%B8%A5%E0%B8%B5%E0%B8%9F-%E0%B8%9E%E0%B8%AD%E0%B8%A1%E0%B8%B4%E0%B8%81%E0%B8%A3%E0%B8%B2%E0%B9%80%E0%B8%99%E0%B8%97-%E0%B9%80%E0%B8%AD%E0%B8%88%E0%B9%80%E0%B8%A5%E0%B8%AA-%E0%B9%82%E0%B8%81%E0%B8%A5%E0%B8%A7%E0%B9%8C-%E0%B8%A1%E0%B8%AD%E0%B8%A2%E0%B8%AA%E0%B9%8C%E0%B9%80%E0%B8%88%E0%B8%AD%E0%B9%84%E0%B8%A3%E0%B8%8B%E0%B8%B4%E0%B9%88%E0%B8%87-%E0%B9%80%E0%B8%88%E0%B8%A5/p/BP_286861
https://www.watsons.co.th/th/%E0%B8%81%E0%B8%A3%E0%B8%B2%E0%B8%A7%E0%B8%B4%E0%B8%8A-%E0%B8%97%E0%B8%A3%E0%B8%B4%E0%B8%9B%E0%B9%80%E0%B8%9B%E0%B8%B4%E0%B9%89%E0%B8%A5-%E0%B8%A7%E0%B8%B4%E0%B8%95%E0%B8%B2%E0%B8%A1%E0%B8%B4%E0%B8%99%E0%B8%8B%E0%B8%B5-%E0%B8%9A%E0%B8%B9%E0%B8%AA%E0%B9%80%E0%B8%95%E0%B8%AD%E0%B8%A3%E0%B9%8C-%E0%B9%80%E0%B8%8B%E0%B8%A3%E0%B8%B1%E0%B9%88%E0%B8%A1-30-%E0%B8%A1%E0%B8%A5.-%E0%B9%80%E0%B8%8B%E0%B8%A3%E0%B8%B1%E0%B9%88%E0%B8%A1%E0%B9%80%E0%B8%9E%E0%B8%B7%E0%B9%88%E0%B8%AD%E0%B8%9C%E0%B8%B4%E0%B8%A7%E0%B8%81%E0%B8%A3%E0%B8%B0%E0%B8%88%E0%B9%88%E0%B8%B2%E0%B8%87%E0%B9%83%E0%B8%AA/p/BP_292100
https://www.watsons.co.th/th/%E0%B9%80%E0%B8%99%E0%B9%87%E0%B8%81%E0%B9%81%E0%B8%84%E0%B8%A3%E0%B9%8C-%E0%B9%81%E0%B8%9C%E0%B9%88%E0%B8%99%E0%B8%94%E0%B8%B9%E0%B8%94%E0%B8%8B%E0%B8%B1%E0%B8%9A%E0%B8%AA%E0%B8%B4%E0%B8%A7-%E0%B8%A3%E0%B8%B8%E0%B9%88%E0%B8%99%E0%B8%82%E0%B8%AD%E0%B8%9A%E0%B8%9A%E0%B8%B2%E0%B8%87-24-%E0%B8%8A%E0%B8%B4%E0%B9%89%E0%B8%99/p/BP_295153
https://www.watsons.co.th/th/%E0%B8%AA%E0%B8%81%E0%B8%B4%E0%B8%991004-%E0%B8%A1%E0%B8%B2%E0%B8%94%E0%B8%B2%E0%B8%81%E0%B8%B1%E0%B8%AA%E0%B8%81%E0%B8%B2%E0%B8%A3%E0%B9%8C-%E0%B9%80%E0%B8%8B%E0%B8%99%E0%B9%80%E0%B8%97%E0%B8%A5%E0%B8%A5%E0%B9%88%E0%B8%B2-%E0%B9%82%E0%B8%9E%E0%B8%A3%E0%B9%84%E0%B8%9A%E0%B9%82%E0%B8%AD-%E0%B8%8B%E0%B8%B4%E0%B8%81%E0%B9%89%E0%B8%B2-%E0%B8%AD%E0%B8%B4%E0%B8%99%E0%B9%80%E0%B8%97%E0%B9%87%E0%B8%99%E0%B8%8B%E0%B8%B5%E0%B8%9F-%E0%B9%81%E0%B8%AD%E0%B8%A1%E0%B8%9E%E0%B8%A5%E0%B8%B9-30-%E0%B8%A1%E0%B8%A5./p/BP_317965
https://www.watsons.co.th/th/%E0%B9%81%E0%B8%9E%E0%B8%A5%E0%B8%99%E0%B8%97%E0%B9%8C%E0%B9%80%E0%B8%99%E0%B8%AD%E0%B8%A3%E0%B8%B5%E0%B9%88-%E0%B8%A2%E0%B8%B9%E0%B8%8B%E0%B8%B8%E0%B8%AD%E0%B8%AD%E0%B9%80%E0%B8%A3%E0%B9%89%E0%B8%99%E0%B8%88%E0%B9%8C-%E0%B8%A7%E0%B8%B4%E0%B8%95%E0%B8%B2%E0%B8%A1%E0%B8%B4%E0%B8%99%E0%B8%8B%E0%B8%B5-%E0%B8%A7%E0%B8%B4%E0%B8%9B%E0%B9%82%E0%B8%9F%E0%B8%A1100%E0%B8%81%E0%B8%A3%E0%B8%B1%E0%B8%A1-%E0%B9%82%E0%B8%9F%E0%B8%A1%E0%B8%A5%E0%B9%89%E0%B8%B2%E0%B8%87%E0%B8%AB%E0%B8%99%E0%B9%89%E0%B8%B2%E0%B8%AA%E0%B9%89%E0%B8%A1%E0%B8%A2%E0%B8%B9%E0%B8%8B%E0%B8%B8-%E0%B8%9B%E0%B8%A3%E0%B8%B1%E0%B8%9A%E0%B8%9C%E0%B8%B4%E0%B8%A7%E0%B8%81%E0%B8%A3%E0%B8%B0%E0%B8%88%E0%B9%88%E0%B8%B2%E0%B8%87%E0%B9%83%E0%B8%AA/p/BP_302489
https://www.watsons.co.th/th/%E0%B8%84%E0%B8%A5%E0%B8%B5%E0%B8%99%E0%B8%8B%E0%B8%B4%E0%B9%88%E0%B8%87-mizumi-smooth-cleansing-water-%E0%B8%A1%E0%B8%B4%E0%B8%8B%E0%B8%B6%E0%B8%A1%E0%B8%B4-%E0%B8%AA%E0%B8%A1%E0%B8%B9%E0%B8%98-%E0%B8%84%E0%B8%A5%E0%B8%B5%E0%B8%99%E0%B8%8B%E0%B8%B4%E0%B9%88%E0%B8%87-%E0%B8%A7%E0%B8%AD%E0%B9%80%E0%B8%95%E0%B8%AD%E0%B8%A3%E0%B9%8C-500-%E0%B8%A1%E0%B8%A5./p/BP_265963
https://www.watsons.co.th/th/%E0%B8%A2%E0%B8%B9%E0%B9%80%E0%B8%8B%E0%B8%AD%E0%B8%A3%E0%B8%B4%E0%B8%99-%E0%B9%82%E0%B8%9B%E0%B8%A3-%E0%B9%81%E0%B8%AD%E0%B8%84%E0%B9%80%E0%B8%99%E0%B9%88-%E0%B9%82%E0%B8%8B%E0%B8%A5%E0%B8%B9%E0%B8%8A%E0%B8%B1%E0%B9%88%E0%B8%99-%E0%B8%8B%E0%B8%AD%E0%B8%9F%E0%B8%97%E0%B9%8C-%E0%B8%84%E0%B8%A5%E0%B8%B5%E0%B8%99%E0%B8%8B%E0%B8%B4%E0%B9%88%E0%B8%87-%E0%B9%82%E0%B8%9F%E0%B8%A1-50-%E0%B8%81%E0%B8%A3%E0%B8%B1%E0%B8%A1/p/BP_312255
https://www.watsons.co.th/th/%E0%B9%82%E0%B8%A3%E0%B8%88%E0%B8%B9%E0%B8%84%E0%B8%B4%E0%B8%AA-%E0%B9%80%E0%B8%9F%E0%B8%AA-%E0%B8%AD%E0%B8%B2%E0%B8%A2-%E0%B9%80%E0%B8%99%E0%B8%84-%E0%B8%A2%E0%B8%B9%E0%B8%A7%E0%B8%B5-%E0%B8%8B%E0%B8%B1%E0%B8%99-%E0%B9%80%E0%B8%8B%E0%B8%A3%E0%B8%B1%E0%B9%88%E0%B8%A1-spf50-pa-40-%E0%B8%A1%E0%B8%A5.-%E0%B9%80%E0%B8%8B%E0%B8%A3%E0%B8%B1%E0%B9%88%E0%B8%A1-%E0%B8%81%E0%B8%B1%E0%B8%99%E0%B9%81%E0%B8%94%E0%B8%94/p/BP_310542
https://www.watsons.co.th/th/%E0%B8%9E%E0%B8%AD%E0%B8%99%E0%B8%94%E0%B9%8C%E0%B8%AA-%E0%B9%80%E0%B8%AD%E0%B8%88-%E0%B8%A1%E0%B8%B4%E0%B8%A3%E0%B8%B2%E0%B9%80%E0%B8%84%E0%B8%B4%E0%B8%A5-%E0%B8%AD%E0%B8%B1%E0%B8%A5%E0%B8%97%E0%B8%B4%E0%B9%80%E0%B8%A1%E0%B8%97-%E0%B8%A2%E0%B8%B9%E0%B8%98-%E0%B9%80%E0%B8%94%E0%B8%A2%E0%B9%8C-%E0%B8%84%E0%B8%A3%E0%B8%B5%E0%B8%A1-%E0%B9%80%E0%B8%AD%E0%B8%AA%E0%B8%9E%E0%B8%B5%E0%B9%80%E0%B8%AD%E0%B8%9F18-%E0%B9%80%E0%B8%AE%E0%B9%87%E0%B8%81%E0%B8%8B%E0%B8%B4%E0%B8%A5-%E0%B9%80%E0%B8%A3%E0%B8%95%E0%B8%B4%E0%B8%99%E0%B8%AD%E0%B8%A5-45-%E0%B8%81%E0%B8%A3%E0%B8%B1%E0%B8%A1/p/BP_269626
https://www.watsons.co.th/th/%E0%B8%AD%E0%B8%B4%E0%B8%87%E0%B8%81%E0%B8%B8-%E0%B8%81%E0%B8%A3%E0%B8%B5%E0%B8%99-%E0%B8%97%E0%B8%B5-%E0%B9%80%E0%B8%A3%E0%B8%95%E0%B8%B4%E0%B8%99%E0%B8%AD%E0%B8%A5-%E0%B9%80%E0%B8%8B%E0%B8%A3%E0%B8%B1%E0%B9%88%E0%B8%A1-%E0%B8%8A%E0%B8%AD%E0%B8%97-30-%E0%B8%A1%E0%B8%A5./p/BP_315748
https://www.watsons.co.th/th/%E0%B8%AD%E0%B9%8A%E0%B8%AD%E0%B8%81%E0%B8%8B%E0%B8%B5-%E0%B9%80%E0%B8%84%E0%B8%B5%E0%B8%A2%E0%B8%A7-%E0%B8%8B%E0%B8%B1%E0%B8%A5%E0%B9%80%E0%B8%9F%E0%B8%AD%E0%B8%A3%E0%B9%8C-%E0%B9%82%E0%B8%8B%E0%B8%9E-100-%E0%B8%81.-%E0%B8%AA%E0%B8%9A%E0%B8%B9%E0%B9%88%E0%B8%9A%E0%B8%B3%E0%B8%A3%E0%B8%B8%E0%B8%87%E0%B8%9C%E0%B8%B4%E0%B8%A7/p/BP_286147
https://www.watsons.co.th/th/sos-hyaluron-4d-firming-mask/p/BP_288847
https://www.watsons.co.th/th/%E0%B9%80%E0%B8%84%E0%B8%B5%E0%B8%A2%E0%B8%A7%E0%B8%A3%E0%B9%8C%E0%B8%8B%E0%B8%B4%E0%B8%AA-%E0%B8%AE%E0%B8%B2%E0%B8%A3%E0%B9%8C%E0%B8%97%E0%B8%A5%E0%B8%B5%E0%B8%9F-%E0%B9%81%E0%B8%AD%E0%B8%84-%E0%B9%80%E0%B8%84%E0%B8%A5%E0%B8%B5%E0%B8%A2%E0%B8%A3%E0%B9%8C-%E0%B9%80%E0%B8%88%E0%B8%A5-9-%E0%B8%81%E0%B8%A3%E0%B8%B1%E0%B8%A1/p/BP_308165
https://www.watsons.co.th/th/%E0%B8%A2%E0%B8%B9%E0%B9%80%E0%B8%8B%E0%B8%AD%E0%B8%A3%E0%B8%B4%E0%B8%99-%E0%B9%82%E0%B8%9B%E0%B8%A3-%E0%B9%81%E0%B8%AD%E0%B8%84%E0%B9%80%E0%B8%99%E0%B9%88-%E0%B9%81%E0%B8%AD%E0%B8%99%E0%B8%95%E0%B8%B4-%E0%B9%81%E0%B8%AD%E0%B8%84%E0%B9%80%E0%B8%99%E0%B9%88-%E0%B8%A1%E0%B8%B2%E0%B8%A3%E0%B9%8C%E0%B8%84-7-%E0%B8%A1%E0%B8%A5.-%E0%B9%80%E0%B8%8B%E0%B8%A3%E0%B8%B1%E0%B9%88%E0%B8%A1%E0%B8%AA%E0%B8%B3%E0%B8%AB%E0%B8%A3%E0%B8%B1%E0%B8%9A%E0%B8%9C%E0%B8%B9%E0%B9%89%E0%B8%A1%E0%B8%B5%E0%B8%A3%E0%B8%AD%E0%B8%A2%E0%B8%AA%E0%B8%B4%E0%B8%A7-%E0%B8%9C%E0%B8%B4%E0%B8%A7%E0%B8%A1%E0%B8%B1%E0%B8%99/p/BP_305787
https://www.watsons.co.th/th/%E0%B9%80%E0%B8%88%E0%B8%A5%E0%B8%A5%E0%B9%89%E0%B8%B2%E0%B8%87%E0%B8%AB%E0%B8%99%E0%B9%89%E0%B8%B2-smith-soft-jelly-wash-%E0%B8%AA%E0%B8%A1%E0%B8%B4%E0%B8%97%E0%B8%98%E0%B8%B4%E0%B9%8C-%E0%B8%8B%E0%B8%AD%E0%B8%9F%E0%B8%97%E0%B9%8C-%E0%B9%80%E0%B8%88%E0%B8%A5%E0%B8%A5%E0%B8%B5%E0%B9%88-%E0%B8%A7%E0%B8%AD%E0%B8%8B-100-%E0%B8%A1%E0%B8%A5./p/BP_276271
https://www.watsons.co.th/th/%E0%B9%81%E0%B8%9E%E0%B8%A5%E0%B8%99%E0%B8%97%E0%B9%8C%E0%B9%80%E0%B8%99%E0%B8%AD%E0%B8%A3%E0%B8%B5%E0%B9%88-%E0%B8%8B%E0%B8%B4%E0%B8%81%E0%B9%89%E0%B8%B2-%E0%B9%80%E0%B8%8B%E0%B8%99%E0%B9%80%E0%B8%97%E0%B8%A5%E0%B8%A5%E0%B9%88%E0%B8%B2-%E0%B9%80%E0%B8%8B%E0%B8%A3%E0%B8%B2%E0%B9%84%E0%B8%A1%E0%B8%94%E0%B9%8C-%E0%B8%AD%E0%B8%B2%E0%B8%A2-%E0%B8%84%E0%B8%A3%E0%B8%B5%E0%B8%A1-15-%E0%B8%81%E0%B8%A3%E0%B8%B1%E0%B8%A1-%E0%B8%84%E0%B8%A3%E0%B8%B5%E0%B8%A1%E0%B8%97%E0%B8%B2%E0%B8%A3%E0%B8%AD%E0%B8%9A%E0%B8%94%E0%B8%A7%E0%B8%87%E0%B8%95%E0%B8%B2-%E0%B8%AA%E0%B8%B9%E0%B8%95%E0%B8%A3%E0%B8%AD%E0%B9%88%E0%B8%AD%E0%B8%99%E0%B9%82%E0%B8%A2%E0%B8%99/p/BP_300418
https://www.watsons.co.th/th/%E0%B9%80%E0%B8%94%E0%B8%AD-%E0%B8%A5%E0%B8%B5%E0%B8%9F-%E0%B8%97%E0%B8%B2%E0%B8%99%E0%B8%B2%E0%B8%84%E0%B8%B2-%E0%B9%80%E0%B8%AD%E0%B9%87%E0%B8%81%E0%B8%8B%E0%B9%8C%E0%B8%95%E0%B8%A3%E0%B9%89%E0%B8%B2-%E0%B8%A1%E0%B8%AD%E0%B8%A2%E0%B9%80%E0%B8%88%E0%B8%AD%E0%B8%A3%E0%B9%8C%E0%B9%84%E0%B8%A3%E0%B8%8B%E0%B8%B4%E0%B9%88%E0%B8%87-%E0%B9%81%E0%B8%AD%E0%B8%99%E0%B8%94%E0%B9%8C-%E0%B9%84%E0%B8%A7%E0%B8%97%E0%B9%8C%E0%B9%80%E0%B8%97%E0%B8%99%E0%B8%99%E0%B8%B4%E0%B9%88%E0%B8%87-%E0%B8%84%E0%B8%A3%E0%B8%B5%E0%B8%A1-40-%E0%B8%A1%E0%B8%A5./p/BP_267022
https://www.watsons.co.th/th/%E0%B8%AA%E0%B8%81%E0%B8%B4%E0%B8%99%E0%B8%97%E0%B8%B4%E0%B8%9F%E0%B8%B4%E0%B8%84-%E0%B8%AD%E0%B8%A5%E0%B8%B2%E0%B8%AA%E0%B8%81%E0%B9%89%E0%B8%B2-%E0%B9%82%E0%B8%A7%E0%B8%A5%E0%B8%84%E0%B8%B2%E0%B9%82%E0%B8%99-%E0%B8%9E%E0%B8%AD%E0%B8%A3%E0%B9%8C-%E0%B9%80%E0%B8%84%E0%B8%A5%E0%B8%A2%E0%B9%8C-%E0%B8%AA%E0%B8%95%E0%B8%B4%E0%B9%8A%E0%B8%81-40-%E0%B8%81%E0%B8%A3%E0%B8%B1%E0%B8%A1/p/BP_309638
https://www.watsons.co.th/th/%E0%B8%81%E0%B8%A3%E0%B8%B2%E0%B8%A7%E0%B8%B4%E0%B8%8A-%E0%B9%80%E0%B8%A3%E0%B8%95%E0%B8%B4%E0%B8%99%E0%B8%AD%E0%B8%A5-%E0%B8%84%E0%B8%AD%E0%B8%A1%E0%B9%80%E0%B8%9E%E0%B8%A5%E0%B9%87%E0%B8%84-%E0%B8%84%E0%B8%AD%E0%B8%99%E0%B9%80%E0%B8%8B%E0%B8%99%E0%B9%80%E0%B8%97%E0%B8%A3%E0%B8%94-%E0%B9%80%E0%B8%8B%E0%B8%A3%E0%B8%B1%E0%B9%88%E0%B8%A1-30-%E0%B8%A1%E0%B8%A5./p/BP_307168
https://www.watsons.co.th/th/sos-%E0%B9%80%E0%B8%AD%E0%B8%B0%E0%B8%AA%E0%B8%B6-%E0%B9%82%E0%B8%AD-%E0%B9%80%E0%B8%AD%E0%B8%B0%E0%B8%AA%E0%B8%B6-%E0%B9%84%E0%B8%AE%E0%B8%A2%E0%B8%B2%E0%B8%A5%E0%B8%B9%E0%B8%A3%E0%B8%AD%E0%B8%99-%E0%B8%9E%E0%B8%B5%E0%B9%80%E0%B8%AD%E0%B8%8A-%E0%B8%9A%E0%B8%B2%E0%B8%A5%E0%B8%B2%E0%B8%99%E0%B8%8B%E0%B9%8C%E0%B8%8B%E0%B8%B4%E0%B9%88%E0%B8%87-%E0%B9%82%E0%B8%97%E0%B8%99%E0%B9%80%E0%B8%99%E0%B8%AD%E0%B8%A3%E0%B9%8C-300-%E0%B8%A1%E0%B8%A5./p/BP_294400
https://www.watsons.co.th/th/%E0%B9%81%E0%B8%9E%E0%B8%A5%E0%B8%99%E0%B8%97%E0%B9%8C%E0%B9%80%E0%B8%99%E0%B8%AD%E0%B8%A3%E0%B8%B5%E0%B9%88-%E0%B8%97%E0%B8%B5%E0%B8%97%E0%B8%A3%E0%B8%B5-%E0%B9%81%E0%B8%AD%E0%B8%84%E0%B9%80%E0%B8%99%E0%B9%88-%E0%B8%A7%E0%B8%B4%E0%B8%9B-%E0%B9%82%E0%B8%9F%E0%B8%A1-100-%E0%B8%81%E0%B8%A3%E0%B8%B1%E0%B8%A1/p/BP_298014
https://www.watsons.co.th/th/%E0%B8%AA%E0%B8%84%E0%B8%B4%E0%B8%99%E0%B8%97%E0%B8%B4%E0%B8%9F%E0%B8%9F%E0%B8%B4%E0%B8%84-%E0%B9%84%E0%B8%99%E0%B8%AD%E0%B8%B0%E0%B8%8B%E0%B8%B4%E0%B8%99%E0%B8%B2%E0%B9%84%E0%B8%A1%E0%B8%94%E0%B9%8C-%E0%B9%84%E0%B8%9A%E0%B8%A3%E0%B8%97%E0%B9%8C-%E0%B9%80%E0%B8%84%E0%B8%A5%E0%B8%A2%E0%B9%8C-%E0%B8%AA%E0%B8%95%E0%B8%B4%E0%B9%8A%E0%B8%81-40-%E0%B8%81%E0%B8%A3%E0%B8%B1%E0%B8%A1/p/BP_312454
https://www.watsons.co.th/th/%E0%B8%A2%E0%B8%B9%E0%B9%80%E0%B8%8B%E0%B8%AD%E0%B8%A3%E0%B8%B4%E0%B8%99-%E0%B8%AA%E0%B8%9B%E0%B8%AD%E0%B8%95%E0%B9%80%E0%B8%A5%E0%B8%AA-%E0%B9%84%E0%B8%9A%E0%B8%A3%E0%B8%97%E0%B9%8C%E0%B9%80%E0%B8%97%E0%B8%99%E0%B8%99%E0%B8%B4%E0%B9%88%E0%B8%87-%E0%B8%9A%E0%B8%AD%E0%B8%94%E0%B8%B5%E0%B9%89-%E0%B9%82%E0%B8%A5%E0%B8%8A%E0%B8%B1%E0%B9%88%E0%B8%99-250-%E0%B8%A1%E0%B8%A5.-x2/p/BP_315657
https://www.watsons.co.th/th/%E0%B9%82%E0%B8%9F%E0%B8%A1%E0%B8%A5%E0%B9%89%E0%B8%B2%E0%B8%87%E0%B8%AB%E0%B8%99%E0%B9%89%E0%B8%B2-cerave-sa-smoothing-cleanser-%E0%B9%80%E0%B8%8B%E0%B8%A3%E0%B8%B2%E0%B8%A7%E0%B8%B5-%E0%B9%80%E0%B8%AD%E0%B8%AA%E0%B9%80%E0%B8%AD-%E0%B8%AA%E0%B8%A1%E0%B8%B9%E0%B8%97%E0%B8%95%E0%B8%B4%E0%B9%89%E0%B8%87-%E0%B8%84%E0%B8%A5%E0%B8%B5%E0%B8%99%E0%B9%80%E0%B8%8B%E0%B8%AD%E0%B8%A3%E0%B9%8C-473-%E0%B8%A1%E0%B8%A5./p/BP_298831
https://www.watsons.co.th/th/%E0%B9%80%E0%B8%8B%E0%B8%A3%E0%B8%B2%E0%B8%A7%E0%B8%B5-%E0%B9%80%E0%B8%AD%E0%B8%AA%E0%B9%80%E0%B8%AD-%E0%B8%AA%E0%B8%A1%E0%B8%B9%E0%B8%97%E0%B8%95%E0%B8%B4%E0%B9%89%E0%B8%87-%E0%B8%84%E0%B8%A5%E0%B8%B5%E0%B8%99%E0%B9%80%E0%B8%8B%E0%B8%AD%E0%B8%A3%E0%B9%8C-88-%E0%B8%A1%E0%B8%A5./p/BP_313876
https://www.watsons.co.th/th/%E0%B9%80%E0%B8%99%E0%B9%80%E0%B8%88%E0%B8%AD%E0%B8%A3%E0%B9%8C%E0%B8%A3%E0%B8%B4%E0%B8%AA%E0%B8%95%E0%B9%89%E0%B8%B2-%E0%B8%97%E0%B8%B5-%E0%B8%97%E0%B8%A3%E0%B8%B5-%E0%B9%80%E0%B8%9F%E0%B9%80%E0%B8%8A%E0%B8%B5%E0%B8%A2%E0%B8%A5-%E0%B8%84%E0%B8%A5%E0%B8%B5%E0%B8%99%E0%B9%80%E0%B8%8B%E0%B8%AD%E0%B8%A3%E0%B9%8C-300-%E0%B8%A1%E0%B8%A5./p/BP_312489
https://www.watsons.co.th/th/%E0%B8%A5%E0%B8%B2%E0%B9%82%E0%B8%A3%E0%B8%8A-%E0%B9%82%E0%B8%9E%E0%B9%80%E0%B8%8B%E0%B8%A2%E0%B9%8C-%E0%B8%8A%E0%B8%B8%E0%B8%94%E0%B8%9C%E0%B8%A5%E0%B8%B4%E0%B8%95%E0%B8%A0%E0%B8%B1%E0%B8%93%E0%B8%91%E0%B9%8C-x3-%E0%B8%9B%E0%B8%8F%E0%B8%B4%E0%B8%9A%E0%B8%B1%E0%B8%95%E0%B8%B4%E0%B8%81%E0%B8%B2%E0%B8%A3%E0%B8%88%E0%B8%B1%E0%B8%94%E0%B8%81%E0%B8%B2%E0%B8%A3%E0%B8%AA%E0%B8%B4%E0%B8%A7/p/BP_319208
https://www.watsons.co.th/th/plantnery-%E0%B9%82%E0%B8%97%E0%B8%99%E0%B9%80%E0%B8%99%E0%B8%AD%E0%B8%A3%E0%B9%8C-%E0%B8%97%E0%B8%B5-%E0%B8%97%E0%B8%A3%E0%B8%B5-%E0%B8%AA%E0%B8%B9%E0%B8%95%E0%B8%A3%E0%B8%A5%E0%B8%94%E0%B8%AA%E0%B8%B4%E0%B8%A7-%E0%B8%84%E0%B8%A7%E0%B8%9A%E0%B8%84%E0%B8%B8%E0%B8%A1%E0%B8%84%E0%B8%A7%E0%B8%B2%E0%B8%A1%E0%B8%A1%E0%B8%B1%E0%B8%99-%E0%B8%81%E0%B8%A3%E0%B8%B0%E0%B8%8A%E0%B8%B1%E0%B8%9A%E0%B8%A3%E0%B8%B9%E0%B8%82%E0%B8%B8%E0%B8%A1%E0%B8%82%E0%B8%99-%E0%B8%82%E0%B8%99%E0%B8%B2%E0%B8%94-250-%E0%B8%A1%E0%B8%A5./p/BP_293684
https://www.watsons.co.th/th/%E0%B8%AD%E0%B9%8A%E0%B8%AD%E0%B8%81%E0%B8%8B%E0%B8%B5%E0%B9%80%E0%B8%84%E0%B8%B5%E0%B8%A2%E0%B8%A7-%E0%B9%81%E0%B8%AD%E0%B8%84%E0%B9%80%E0%B8%99%E0%B9%88-%E0%B9%80%E0%B8%84%E0%B8%A5%E0%B8%B5%E0%B8%A2%E0%B8%A3%E0%B9%8C-%E0%B9%82%E0%B8%9E%E0%B8%8A%E0%B8%B1%E0%B9%88%E0%B8%99-15-%E0%B8%A1%E0%B8%A5.-%E0%B9%81%E0%B8%9B%E0%B9%89%E0%B8%87%E0%B8%99%E0%B9%89%E0%B8%B3%E0%B8%8A%E0%B8%A1%E0%B8%9E%E0%B8%B9%E0%B9%81%E0%B8%95%E0%B9%89%E0%B8%A1%E0%B8%AA%E0%B8%B4%E0%B8%A7/p/BP_283276
https://www.watsons.co.th/th/%E0%B9%80%E0%B8%8B%E0%B8%A3%E0%B8%B1%E0%B9%88%E0%B8%A1%E0%B8%9C%E0%B8%B4%E0%B8%A7%E0%B9%81%E0%B8%9E%E0%B9%89%E0%B8%87%E0%B9%88%E0%B8%B2%E0%B8%A2-%E0%B8%A1%E0%B8%B2%E0%B8%94%E0%B8%B2%E0%B8%81%E0%B8%B1%E0%B8%AA%E0%B8%81%E0%B8%B2%E0%B8%A3%E0%B9%8C-madagascar-centella-ampoule-%E0%B9%80%E0%B8%8B%E0%B8%99%E0%B9%80%E0%B8%97%E0%B8%A5%E0%B8%A5%E0%B9%88%E0%B8%B2-%E0%B9%81%E0%B8%AD%E0%B8%A1%E0%B8%9E%E0%B8%A5%E0%B8%B9-55-%E0%B8%A1%E0%B8%A5./p/BP_293431
https://www.watsons.co.th/th/%E0%B9%80%E0%B8%99%E0%B9%80%E0%B8%8A%E0%B8%AD%E0%B8%A3%E0%B8%B4%E0%B8%AA%E0%B8%95%E0%B9%89%E0%B8%B2-%E0%B8%97%E0%B8%B5-%E0%B8%97%E0%B8%A3%E0%B8%B5-%E0%B9%80%E0%B8%9F%E0%B9%80%E0%B8%8A%E0%B8%B5%E0%B8%A2%E0%B8%A5-%E0%B9%82%E0%B8%97%E0%B8%99%E0%B9%80%E0%B8%99%E0%B8%AD%E0%B8%A3%E0%B9%8C-250%E0%B8%A1%E0%B8%A5./p/BP_312488
https://www.watsons.co.th/th/naturista-tea-tree-essential-serum-50ml./p/BP_312487
https://www.watsons.co.th/th/%E0%B9%80%E0%B8%8B%E0%B8%99%E0%B8%81%E0%B8%B0-%E0%B8%AD%E0%B8%84%E0%B8%A7%E0%B8%B2-%E0%B9%84%E0%B8%9A%E0%B8%A3%E0%B8%97%E0%B9%8C-%E0%B9%82%E0%B8%81%E0%B8%A5%E0%B8%A7%E0%B9%8C-%E0%B9%80%E0%B8%88%E0%B8%A5-%E0%B8%84%E0%B8%A3%E0%B8%B5%E0%B8%A1-50-%E0%B8%81%E0%B8%A3%E0%B8%B1%E0%B8%A1-%E0%B8%84%E0%B8%A3%E0%B8%B5%E0%B8%A1%E0%B8%9A%E0%B8%B3%E0%B8%A3%E0%B8%B8%E0%B8%87%E0%B8%9C%E0%B8%B4%E0%B8%A7%E0%B8%AB%E0%B8%99%E0%B9%89%E0%B8%B2-%E0%B8%8A%E0%B8%B8%E0%B9%88%E0%B8%A1%E0%B8%8A%E0%B8%B7%E0%B9%88%E0%B8%99-%E0%B8%9C%E0%B8%B4%E0%B8%A7%E0%B8%81%E0%B8%A3%E0%B8%B0%E0%B8%88%E0%B9%88%E0%B8%B2%E0%B8%87%E0%B9%83%E0%B8%AA/p/BP_280515
https://www.watsons.co.th/th/%E0%B8%84%E0%B8%B4%E0%B8%A7%E0%B8%97%E0%B9%8C%E0%B9%80%E0%B8%9E%E0%B8%A3%E0%B8%AA-%E0%B8%A3%E0%B8%B5%E0%B9%80%E0%B8%9F%E0%B8%A3%E0%B8%8A%E0%B8%8A%E0%B8%B4%E0%B9%88%E0%B8%87-%E0%B8%A1%E0%B8%B4%E0%B9%80%E0%B8%99%E0%B8%A3%E0%B8%B1%E0%B8%A5-%E0%B9%80%E0%B8%9F%E0%B9%80%E0%B8%8A%E0%B8%B5%E0%B8%A2%E0%B8%A5-%E0%B8%A1%E0%B8%B4%E0%B8%AA%E0%B8%97%E0%B9%8C-100-%E0%B8%A1%E0%B8%A5./p/BP_283323
https://www.watsons.co.th/th/%E0%B9%80%E0%B8%A1%E0%B8%99%E0%B9%82%E0%B8%97%E0%B8%A5%E0%B8%B2%E0%B8%97%E0%B8%B1%E0%B9%88%E0%B8%A1-%E0%B9%81%E0%B8%AD%E0%B8%84%E0%B9%80%E0%B8%99%E0%B9%88%E0%B8%AA%E0%B9%8C-%E0%B9%81%E0%B8%AD%E0%B8%99%E0%B8%95%E0%B8%B5%E0%B9%89-%E0%B9%81%E0%B8%AD%E0%B8%84%E0%B9%80%E0%B8%99%E0%B9%88-%E0%B8%AA%E0%B8%9B%E0%B8%AD%E0%B8%95-%E0%B9%80%E0%B8%88%E0%B8%A5-18-%E0%B8%81%E0%B8%A3%E0%B8%B1%E0%B8%A1-%E0%B9%80%E0%B8%88%E0%B8%A5%E0%B9%81%E0%B8%95%E0%B9%89%E0%B8%A1%E0%B8%AA%E0%B8%B4%E0%B8%A7/p/BP_202518
https://www.watsons.co.th/th/%E0%B9%80%E0%B8%9E%E0%B8%B5%E0%B8%A2%E0%B8%A7%E0%B8%A3%E0%B8%B4%E0%B8%81%E0%B9%89%E0%B8%B2%E0%B8%AA%E0%B9%8C-%E0%B8%94%E0%B8%B1%E0%B8%9A%E0%B9%80%E0%B8%9A%E0%B8%B4%E0%B9%89%E0%B8%A5-%E0%B8%94%E0%B8%A3%E0%B8%B2%E0%B8%81%E0%B9%89%E0%B8%AD%E0%B8%99%E0%B8%9A%E0%B8%A5%E0%B8%B1%E0%B8%94-%E0%B8%A3%E0%B8%B5%E0%B9%81%E0%B8%9E%E0%B8%A3%E0%B9%8C-%E0%B9%80%E0%B8%8B%E0%B8%A3%E0%B8%B1%E0%B9%88%E0%B8%A1-30-%E0%B8%A1%E0%B8%A5./p/BP_312112
https://www.watsons.co.th/th/%E0%B8%84%E0%B8%A3%E0%B8%B5%E0%B8%A1%E0%B8%81%E0%B8%B1%E0%B8%99%E0%B9%81%E0%B8%94%E0%B8%94-mizumi-%E0%B8%A1%E0%B8%B4%E0%B8%8B%E0%B8%B6%E0%B8%A1%E0%B8%B4-%E0%B8%A2%E0%B8%B9%E0%B8%A7%E0%B8%B5-%E0%B8%A7%E0%B8%AD%E0%B9%80%E0%B8%95%E0%B8%AD%E0%B8%A3%E0%B9%8C-%E0%B9%80%E0%B8%8B%E0%B8%A3%E0%B8%B1%E0%B9%88%E0%B8%A1-%E0%B8%AA%E0%B8%B5%E0%B8%9F%E0%B9%89%E0%B8%B2-%E0%B9%80%E0%B8%AD%E0%B8%AA%E0%B8%9E%E0%B8%B5%E0%B9%80%E0%B8%AD%E0%B8%9F-50-%E0%B8%9E%E0%B8%B5%E0%B9%80%E0%B8%AD-40-%E0%B8%81%E0%B8%A3%E0%B8%B1%E0%B8%A1/p/BP_262540
https://www.watsons.co.th/th/%E0%B9%81%E0%B8%9E%E0%B8%A5%E0%B8%99%E0%B8%97%E0%B9%8C%E0%B9%80%E0%B8%99%E0%B8%AD%E0%B8%A3%E0%B8%B5%E0%B9%88-%E0%B9%80%E0%B8%81%E0%B8%A3%E0%B8%9B-%E0%B8%8B%E0%B8%B5%E0%B8%94-%E0%B9%81%E0%B8%AD%E0%B8%99%E0%B8%95%E0%B8%B5%E0%B9%89-%E0%B9%80%E0%B8%A1%E0%B8%A5%E0%B8%B2%E0%B8%AA%E0%B8%A1%E0%B9%88%E0%B8%B2-%E0%B8%AD%E0%B8%B4%E0%B8%99%E0%B9%80%E0%B8%97%E0%B8%99%E0%B8%AA%E0%B9%8C-%E0%B9%80%E0%B8%8B%E0%B8%A3%E0%B8%B1%E0%B9%88%E0%B8%A1-30-%E0%B8%A1%E0%B8%A5.-%E0%B9%80%E0%B8%8B%E0%B8%A3%E0%B8%B1%E0%B9%88%E0%B8%A1%E0%B8%A5%E0%B8%94%E0%B8%9D%E0%B9%89%E0%B8%B2/p/BP_293725
https://www.watsons.co.th/th/%E0%B8%A2%E0%B8%B9%E0%B9%80%E0%B8%8B%E0%B8%AD%E0%B8%A3%E0%B8%B4%E0%B8%99-%E0%B8%AA%E0%B8%9B%E0%B8%AD%E0%B8%95%E0%B9%80%E0%B8%A5%E0%B8%AA-%E0%B9%84%E0%B8%9A%E0%B8%A3%E0%B8%97%E0%B9%8C%E0%B9%80%E0%B8%97%E0%B8%99%E0%B8%99%E0%B8%B4%E0%B9%88%E0%B8%87-%E0%B8%9A%E0%B8%B9%E0%B8%AA%E0%B8%95%E0%B8%B4%E0%B9%89%E0%B8%87-%E0%B9%80%E0%B8%AD%E0%B8%AA%E0%B9%80%E0%B8%8B%E0%B9%89%E0%B8%99%E0%B8%AA%E0%B9%8C-100-%E0%B8%A1%E0%B8%A5./p/BP_316199
https://www.watsons.co.th/th/%E0%B8%94%E0%B8%B4-%E0%B8%AD%E0%B8%B4%E0%B8%99%E0%B8%81%E0%B8%A3%E0%B8%B5%E0%B9%80%E0%B8%94%E0%B8%B5%E0%B8%A2%E0%B8%99%E0%B8%AA%E0%B9%8C-%E0%B8%81%E0%B8%A5%E0%B8%B2%E0%B8%AA-%E0%B8%AA%E0%B8%81%E0%B8%B4%E0%B8%99-%E0%B9%84%E0%B8%AE%E0%B9%82%E0%B8%94%E0%B8%A3-%E0%B9%82%E0%B8%81%E0%B8%A5%E0%B8%A7%E0%B9%8C-%E0%B8%A1%E0%B8%B2%E0%B8%AA%E0%B8%81%E0%B9%8C-12-%E0%B8%81%E0%B8%A3%E0%B8%B1%E0%B8%A1/p/BP_318861
https://www.watsons.co.th/th/%E0%B8%84%E0%B8%B4%E0%B8%A7%E0%B8%97%E0%B9%8C%E0%B9%80%E0%B8%9E%E0%B8%A3%E0%B8%AA-%E0%B8%8B%E0%B8%AD%E0%B8%9F%E0%B8%97%E0%B9%8C%E0%B9%80%E0%B8%97%E0%B8%99%E0%B8%99%E0%B8%B4%E0%B9%88%E0%B8%87-%E0%B8%A1%E0%B8%B4%E0%B9%80%E0%B8%99%E0%B8%A3%E0%B8%B1%E0%B8%A5-%E0%B9%80%E0%B8%9F%E0%B9%80%E0%B8%8A%E0%B8%B5%E0%B8%A2%E0%B8%A5-%E0%B8%A1%E0%B8%B4%E0%B8%AA%E0%B8%97%E0%B9%8C-100-%E0%B8%A1%E0%B8%A5./p/BP_283321
https://www.watsons.co.th/th/%E0%B8%94%E0%B8%A3.%E0%B8%8A%E0%B8%B4%E0%B8%99-%E0%B8%9A%E0%B8%B512-%E0%B8%9E%E0%B8%B4%E0%B8%87%E0%B8%84%E0%B9%8C-%E0%B8%A7%E0%B8%B4%E0%B8%95%E0%B8%B2%E0%B8%A1%E0%B8%B4%E0%B8%99-%E0%B8%AA%E0%B8%81%E0%B8%B4%E0%B8%99-%E0%B9%81%E0%B8%9A%E0%B8%A3%E0%B8%B4%E0%B9%80%E0%B8%AD%E0%B8%AD%E0%B8%A3%E0%B9%8C-%E0%B8%A1%E0%B8%AD%E0%B8%A2%E0%B9%80%E0%B8%88%E0%B8%AD%E0%B8%A3%E0%B9%8C%E0%B9%84%E0%B8%A3%E0%B9%80%E0%B8%8B%E0%B8%AD%E0%B8%A3%E0%B9%8C-8-%E0%B8%A1%E0%B8%A5./p/BP_316090
https://www.watsons.co.th/th/%E0%B8%AE%E0%B8%B2%E0%B8%94%E0%B8%B0-%E0%B8%A5%E0%B8%B2%E0%B9%82%E0%B8%9A%E0%B8%B0-%E0%B9%84%E0%B8%AE%E0%B9%80%E0%B8%94%E0%B8%A3%E0%B8%97%E0%B8%95%E0%B8%B4%E0%B9%89%E0%B8%87-%E0%B9%82%E0%B8%A5%E0%B8%8A%E0%B8%B1%E0%B9%88%E0%B8%99-%E0%B9%84%E0%B8%A5%E0%B8%97%E0%B9%8C-170-%E0%B8%A1%E0%B8%A5.-%E0%B8%99%E0%B9%89%E0%B8%B3%E0%B8%95%E0%B8%9A-%E0%B8%AE%E0%B8%B2%E0%B8%94%E0%B8%B0-%E0%B8%A5%E0%B8%B2%E0%B9%82%E0%B8%9A%E0%B8%B0-%E0%B8%AA%E0%B8%B5%E0%B8%82%E0%B8%B2%E0%B8%A7/p/BP_256062
https://www.watsons.co.th/th/%E0%B8%99%E0%B9%89%E0%B8%B3%E0%B8%95%E0%B8%9A-%E0%B8%AE%E0%B8%B2%E0%B8%94%E0%B8%B0-%E0%B8%A5%E0%B8%B2%E0%B9%82%E0%B8%9A%E0%B8%B0-hada-labo-%E0%B8%8A%E0%B8%B4%E0%B9%82%E0%B8%A3%E0%B8%88%E0%B8%B8%E0%B8%99-%E0%B9%84%E0%B8%A7%E0%B8%97%E0%B9%8C%E0%B9%80%E0%B8%97%E0%B8%99%E0%B8%99%E0%B8%B4%E0%B9%88%E0%B8%87-%E0%B9%82%E0%B8%A5%E0%B8%8A%E0%B8%B1%E0%B9%88%E0%B8%99-170-%E0%B8%A1%E0%B8%A5./p/BP_281506
https://www.watsons.co.th/th/cerave-moisturizing-lotion-%E0%B9%80%E0%B8%8B%E0%B8%A3%E0%B8%B2%E0%B8%A7%E0%B8%B5-%E0%B8%A1%E0%B8%AD%E0%B8%A2%E0%B8%8B%E0%B9%8C%E0%B9%80%E0%B8%88%E0%B8%AD%E0%B8%A3%E0%B9%8C%E0%B9%84%E0%B8%A3%E0%B8%8B%E0%B8%B4%E0%B9%88%E0%B8%87-%E0%B9%82%E0%B8%A5%E0%B8%8A%E0%B8%B1%E0%B9%88%E0%B8%99-88-%E0%B8%A1%E0%B8%A5./p/BP_275378
https://www.watsons.co.th/th/%E0%B9%80%E0%B8%94%E0%B8%AD%E0%B8%A3%E0%B9%8C%E0%B8%A1%E0%B8%B5%E0%B8%94%E0%B8%B5-%E0%B9%80%E0%B8%AD%E0%B8%8B%E0%B8%B5-%E0%B9%80%E0%B8%84%E0%B8%A5%E0%B8%B5%E0%B8%A2%E0%B8%A3%E0%B9%8C-%E0%B9%81%E0%B8%9E%E0%B8%97%E0%B8%8A%E0%B9%8C-18-%E0%B8%94%E0%B8%A7%E0%B8%87/p/BP_291680
https://www.watsons.co.th/th/bifesta-%E0%B8%9A%E0%B8%B5%E0%B9%80%E0%B8%9F%E0%B8%AA%E0%B8%95%E0%B9%89%E0%B8%B2-%E0%B9%84%E0%B8%A1%E0%B9%80%E0%B8%8B%E0%B8%A5%E0%B8%A5%E0%B9%88%E0%B8%B2-%E0%B8%84%E0%B8%A5%E0%B8%B5%E0%B8%99%E0%B8%8B%E0%B8%B4%E0%B9%88%E0%B8%87-%E0%B8%A7%E0%B8%AD%E0%B9%80%E0%B8%97%E0%B8%AD%E0%B8%A3%E0%B9%8C-%E0%B9%81%E0%B8%AD%E0%B8%84%E0%B9%80%E0%B8%99%E0%B9%88-%E0%B8%8A%E0%B8%99%E0%B8%B4%E0%B8%94%E0%B9%80%E0%B8%95%E0%B8%B4%E0%B8%A1-360-%E0%B8%A1%E0%B8%A5./p/BP_263962
https://www.watsons.co.th/th/%E0%B9%82%E0%B8%9F%E0%B8%A1%E0%B8%A5%E0%B9%89%E0%B8%B2%E0%B8%87%E0%B8%AB%E0%B8%99%E0%B9%89%E0%B8%B2-mizumi-%E0%B8%A1%E0%B8%B4%E0%B8%8B%E0%B8%B6%E0%B8%A1%E0%B8%B4-%E0%B9%80%E0%B8%AD%E0%B9%87%E0%B8%81%E0%B8%8B%E0%B9%8C%E0%B8%95%E0%B8%A3%E0%B8%B2-%E0%B9%84%E0%B8%A1%E0%B8%A5%E0%B8%94%E0%B9%8C-%E0%B9%80%E0%B8%9F%E0%B9%80%E0%B8%8A%E0%B8%B5%E0%B8%A2%E0%B8%A5-%E0%B9%80%E0%B8%84%E0%B8%A5%E0%B8%99%E0%B9%80%E0%B8%8B%E0%B8%AD%E0%B8%A3%E0%B9%8C-500-%E0%B8%A1%E0%B8%A5./p/BP_279085
https://www.watsons.co.th/th/%E0%B9%81%E0%B8%AD%E0%B8%99%E0%B8%95%E0%B8%B5%E0%B9%89-%E0%B9%81%E0%B8%AD%E0%B8%84%E0%B9%80%E0%B8%99%E0%B9%88-%E0%B9%84%E0%B8%A1%E0%B9%80%E0%B8%8B%E0%B8%A5%E0%B8%A5%E0%B9%88%E0%B8%B2-%E0%B8%A7%E0%B8%AD%E0%B9%80%E0%B8%95%E0%B8%AD%E0%B8%A3%E0%B9%8C-%E0%B8%84%E0%B8%A5%E0%B8%B5%E0%B8%99%E0%B8%8B%E0%B8%B4%E0%B9%88%E0%B8%87-%E0%B9%84%E0%B8%A7%E0%B8%9E%E0%B8%AA%E0%B9%8C-20%E0%B9%81%E0%B8%9C%E0%B9%88%E0%B8%99./p/BP_283910
https://www.watsons.co.th/th/%E0%B9%81%E0%B8%AD%E0%B8%84%E0%B9%80%E0%B8%99%E0%B9%88-%E0%B9%80%E0%B8%AD%E0%B8%94-%E0%B9%82%E0%B8%9F%E0%B8%A1%E0%B8%A1%E0%B8%B4%E0%B9%88%E0%B8%87-%E0%B9%80%E0%B8%9F%E0%B8%8B-%E0%B8%A7%E0%B8%AD%E0%B8%8A-%E0%B8%AD%E0%B8%AD%E0%B8%A2%E0%B8%A5%E0%B9%8C-%E0%B8%84%E0%B8%AD%E0%B8%99%E0%B9%82%E0%B8%97%E0%B8%A3%E0%B8%A5-100-%E0%B8%A1%E0%B8%A5./p/BP_298615
https://www.watsons.co.th/th/%E0%B8%A1%E0%B8%AD%E0%B8%A2%E0%B8%8B%E0%B9%8C%E0%B9%80%E0%B8%88%E0%B8%AD%E0%B8%A3%E0%B9%8C%E0%B9%84%E0%B8%A3%E0%B9%80%E0%B8%8B%E0%B8%AD%E0%B8%A3%E0%B9%8C-cerave-moisturizing-cream-%E0%B9%80%E0%B8%8B%E0%B8%A3%E0%B8%B2%E0%B8%A7%E0%B8%B5%E0%B8%A1%E0%B8%AD%E0%B8%A2%E0%B8%8B%E0%B9%8C%E0%B9%80%E0%B8%88%E0%B8%AD%E0%B8%A3%E0%B9%8C%E0%B9%84%E0%B8%A3%E0%B8%8B%E0%B8%B4%E0%B9%88%E0%B8%87%E0%B8%84%E0%B8%A3%E0%B8%B5%E0%B8%A1-50-g./p/BP_275377
https://www.watsons.co.th/th/%E0%B8%9A%E0%B8%B5%E0%B9%80%E0%B8%84-%E0%B9%81%E0%B8%AD%E0%B8%84%E0%B9%80%E0%B8%99%E0%B9%88-%E0%B8%AA%E0%B8%95%E0%B8%B2%E0%B8%A3%E0%B9%8C%E0%B9%81%E0%B8%9E%E0%B8%97%E0%B8%8A%E0%B9%8C-%E0%B9%81%E0%B8%9C%E0%B9%88%E0%B8%99%E0%B9%81%E0%B8%9B%E0%B8%B0%E0%B8%94%E0%B8%B9%E0%B8%94%E0%B8%8B%E0%B8%B1%E0%B8%9A%E0%B8%AA%E0%B8%B4%E0%B8%A7%E0%B8%A3%E0%B8%B9%E0%B8%9B%E0%B8%94%E0%B8%B2%E0%B8%A7-%E0%B8%82%E0%B8%99%E0%B8%B2%E0%B8%94-12-%E0%B8%A1%E0%B8%A1.-12-%E0%B8%8A%E0%B8%B4%E0%B9%89%E0%B8%99/p/BP_312853
https://www.watsons.co.th/th/%E0%B9%82%E0%B8%A3%E0%B8%88%E0%B8%B9%E0%B8%84%E0%B8%B4%E0%B8%AA-%E0%B9%80%E0%B8%9F%E0%B8%8B-%E0%B8%AD%E0%B8%B2%E0%B8%A2-%E0%B9%80%E0%B8%99%E0%B8%84-%E0%B8%84%E0%B8%A3%E0%B8%B5%E0%B8%A1-8-%E0%B8%A1%E0%B8%A5./p/BP_318496
https://www.watsons.co.th/th/%E0%B8%84%E0%B8%B4%E0%B8%A7%E0%B8%97%E0%B9%8C%E0%B9%80%E0%B8%9E%E0%B8%A3%E0%B8%AA-%E0%B9%84%E0%B8%9A%E0%B8%A3%E0%B8%97%E0%B9%8C%E0%B9%80%E0%B8%97%E0%B8%99%E0%B8%99%E0%B8%B4%E0%B9%88%E0%B8%87-%E0%B8%A1%E0%B8%B4%E0%B9%80%E0%B8%99%E0%B8%A3%E0%B8%B1%E0%B8%A5-%E0%B9%80%E0%B8%9F%E0%B9%80%E0%B8%8A%E0%B8%B5%E0%B8%A2%E0%B8%A5-%E0%B8%A1%E0%B8%B4%E0%B8%AA%E0%B8%97%E0%B9%8C-100-%E0%B8%A1%E0%B8%A5./p/BP_283320
https://www.watsons.co.th/th/%E0%B8%A2%E0%B8%B9%E0%B9%80%E0%B8%8B%E0%B8%AD%E0%B8%A3%E0%B8%B4%E0%B8%99-%E0%B8%9E%E0%B8%B5%E0%B9%80%E0%B8%AD%E0%B8%8A5-%E0%B9%80%E0%B8%8B%E0%B9%87%E0%B8%99%E0%B8%8B%E0%B8%B4%E0%B8%97%E0%B8%B5%E0%B8%9F-%E0%B8%AA%E0%B8%81%E0%B8%B4%E0%B8%99-%E0%B9%84%E0%B8%AE%E0%B9%82%E0%B8%94%E0%B8%A3-%E0%B9%80%E0%B8%8B%E0%B8%A3%E0%B8%B1%E0%B9%88%E0%B8%A1-400-%E0%B8%A1%E0%B8%A5.-%E0%B9%80%E0%B8%8B%E0%B8%A3%E0%B8%B1%E0%B9%88%E0%B8%A1%E0%B8%9C%E0%B8%A5%E0%B8%B4%E0%B8%95%E0%B8%A0%E0%B8%B1%E0%B8%93%E0%B8%91%E0%B9%8C%E0%B8%9A%E0%B8%B3%E0%B8%A3%E0%B8%B8%E0%B8%87%E0%B8%9C%E0%B8%B4%E0%B8%A7%E0%B8%81%E0%B8%B2%E0%B8%A2/p/BP_304366
